gRNA_sequence,PAM_sequence,chromosome,position,strand
GTAAGCGCTAGGC,NGG,chr2,3770248,-
AAGGCTAGCTGGA,NGG,chr1,7333646,-
AGCTGTAAGCAGG,NGG,chr5,7618250,-
GTAAGCGCTAGGC,NGG,chr1,4138877,-
AAGGCTAGCTGGA,NGG,chr2,9558857,-
TGCATGCATAGGC,NGG,chr2,6560132,-
CTGAAGGCTTAGG,NGG,chr2,1349917,+
AAGGCTAGCTGGA,NGG,chr4,2824894,-
GTAAGCGCTAGGC,NGG,chr1,3028822,-
TGCATGCATAGGC,NGG,chr2,5807465,-
TGCATGCATAGGC,NGG,chr4,3867846,-
CTGAAGGCTTAGG,NGG,chr4,3146093,-
GTAAGCGCTAGGC,NGG,chr3,8578092,+
AAGGCTAGCTGGA,NGG,chr5,4983983,-
GTAAGCGCTAGGC,NGG,chr1,3680814,-
GTAAGCGCTAGGC,NGG,chr3,5011615,+
AGCTGTAAGCAGG,NGG,chr2,5297881,-
AGCTGTAAGCAGG,NGG,chr4,7160580,-
GTAAGCGCTAGGC,NGG,chr5,5916118,-
AGCTGTAAGCAGG,NGG,chr2,5244912,-
TGCATGCATAGGC,NGG,chr4,9365682,+
TGCATGCATAGGC,NGG,chr3,4468056,-
AGCTGTAAGCAGG,NGG,chr4,4251737,-
AGCTGTAAGCAGG,NGG,chr1,4388208,-
CTGAAGGCTTAGG,NGG,chr4,5574334,+
AGCTGTAAGCAGG,NGG,chr1,5706997,-
CTGAAGGCTTAGG,NGG,chr3,3709384,+
CTGAAGGCTTAGG,NGG,chr2,7433859,+
TGCATGCATAGGC,NGG,chr5,1881332,-
AAGGCTAGCTGGA,NGG,chr2,6593745,-
CTGAAGGCTTAGG,NGG,chr5,4330224,-
GTAAGCGCTAGGC,NGG,chr2,8983667,+
AGCTGTAAGCAGG,NGG,chr5,4792889,-
TGCATGCATAGGC,NGG,chr3,3181373,+
TGCATGCATAGGC,NGG,chr1,6364058,+
GTAAGCGCTAGGC,NGG,chr1,6666669,-
CTGAAGGCTTAGG,NGG,chr5,4939681,+
TGCATGCATAGGC,NGG,chr3,7450689,-
CTGAAGGCTTAGG,NGG,chr1,4875990,+
AAGGCTAGCTGGA,NGG,chr5,8021212,+
TGCATGCATAGGC,NGG,chr2,3610464,-
GTAAGCGCTAGGC,NGG,chr3,5419862,+
TGCATGCATAGGC,NGG,chr5,1474561,+
GTAAGCGCTAGGC,NGG,chr5,5123922,-
AGCTGTAAGCAGG,NGG,chr2,5962085,+
TGCATGCATAGGC,NGG,chr5,8237955,-
AAGGCTAGCTGGA,NGG,chr5,2408919,-
AGCTGTAAGCAGG,NGG,chr1,2517034,-
CTGAAGGCTTAGG,NGG,chr4,4786114,-
AGCTGTAAGCAGG,NGG,chr5,8581630,-
AGCTGTAAGCAGG,NGG,chr5,2434649,+
AAGGCTAGCTGGA,NGG,chr4,1537798,-
AAGGCTAGCTGGA,NGG,chr3,8182197,-
AGCTGTAAGCAGG,NGG,chr2,6859262,-
TGCATGCATAGGC,NGG,chr3,6987789,-
TGCATGCATAGGC,NGG,chr1,3128131,+
AGCTGTAAGCAGG,NGG,chr1,4567521,-
CTGAAGGCTTAGG,NGG,chr3,2776920,-
GTAAGCGCTAGGC,NGG,chr1,5078928,+
GTAAGCGCTAGGC,NGG,chr1,1375060,-
AGCTGTAAGCAGG,NGG,chr3,1356817,-
CTGAAGGCTTAGG,NGG,chr1,5836657,-
AGCTGTAAGCAGG,NGG,chr3,4240080,+
AGCTGTAAGCAGG,NGG,chr3,5077085,+
AGCTGTAAGCAGG,NGG,chr1,2626288,+
TGCATGCATAGGC,NGG,chr4,7002352,-
GTAAGCGCTAGGC,NGG,chr3,1282703,-
TGCATGCATAGGC,NGG,chr1,8790378,-
AAGGCTAGCTGGA,NGG,chr3,3395142,+
AAGGCTAGCTGGA,NGG,chr3,7016675,+
TGCATGCATAGGC,NGG,chr2,8607915,+
GTAAGCGCTAGGC,NGG,chr1,5410322,-
GTAAGCGCTAGGC,NGG,chr4,5014542,+
GTAAGCGCTAGGC,NGG,chr5,6084966,-
CTGAAGGCTTAGG,NGG,chr5,7152114,+
GTAAGCGCTAGGC,NGG,chr4,5833628,+
AAGGCTAGCTGGA,NGG,chr5,6543818,-
CTGAAGGCTTAGG,NGG,chr3,4404000,-
AAGGCTAGCTGGA,NGG,chr5,6943938,-
GTAAGCGCTAGGC,NGG,chr4,7050385,-
TGCATGCATAGGC,NGG,chr5,5121925,-
AGCTGTAAGCAGG,NGG,chr3,5211170,-
AAGGCTAGCTGGA,NGG,chr1,4991677,+
GTAAGCGCTAGGC,NGG,chr2,7863167,-
AAGGCTAGCTGGA,NGG,chr2,5514899,-
AGCTGTAAGCAGG,NGG,chr1,4372005,+
CTGAAGGCTTAGG,NGG,chr4,8385215,+
CTGAAGGCTTAGG,NGG,chr4,7624111,-
AAGGCTAGCTGGA,NGG,chr2,4750058,-
AAGGCTAGCTGGA,NGG,chr4,5639021,+
TGCATGCATAGGC,NGG,chr2,7733090,+
AGCTGTAAGCAGG,NGG,chr4,1549162,-
GTAAGCGCTAGGC,NGG,chr4,1630639,+
GTAAGCGCTAGGC,NGG,chr3,8828604,-
AGCTGTAAGCAGG,NGG,chr5,1498873,+
CTGAAGGCTTAGG,NGG,chr2,6883413,+
TGCATGCATAGGC,NGG,chr1,2266496,-
AGCTGTAAGCAGG,NGG,chr5,5698413,+
TGCATGCATAGGC,NGG,chr4,9962146,+
CTGAAGGCTTAGG,NGG,chr4,4464227,+
CTGAAGGCTTAGG,NGG,chr3,4349301,-
AAGGCTAGCTGGA,NGG,chr4,4035166,+
AGCTGTAAGCAGG,NGG,chr4,7871834,-
CTGAAGGCTTAGG,NGG,chr4,6867658,+
AAGGCTAGCTGGA,NGG,chr3,3825800,+
TGCATGCATAGGC,NGG,chr4,9937853,-
AAGGCTAGCTGGA,NGG,chr3,4608324,+
GTAAGCGCTAGGC,NGG,chr4,6319784,-
TGCATGCATAGGC,NGG,chr5,2038618,+
TGCATGCATAGGC,NGG,chr1,4414520,+
TGCATGCATAGGC,NGG,chr2,2163834,+
TGCATGCATAGGC,NGG,chr5,1530123,+
TGCATGCATAGGC,NGG,chr5,7654354,+
CTGAAGGCTTAGG,NGG,chr1,2783205,+
CTGAAGGCTTAGG,NGG,chr4,4172374,+
CTGAAGGCTTAGG,NGG,chr4,2245116,+
AGCTGTAAGCAGG,NGG,chr2,9915033,-
CTGAAGGCTTAGG,NGG,chr4,3113855,-
AGCTGTAAGCAGG,NGG,chr1,1144781,-
TGCATGCATAGGC,NGG,chr1,6927477,+
TGCATGCATAGGC,NGG,chr1,4037032,-
GTAAGCGCTAGGC,NGG,chr1,8784346,-
GTAAGCGCTAGGC,NGG,chr3,2989675,-
AGCTGTAAGCAGG,NGG,chr2,1727001,-
AGCTGTAAGCAGG,NGG,chr3,7296717,+
TGCATGCATAGGC,NGG,chr1,4671685,+
AGCTGTAAGCAGG,NGG,chr1,5083112,+
AGCTGTAAGCAGG,NGG,chr1,6262774,+
AGCTGTAAGCAGG,NGG,chr5,8906887,+
AGCTGTAAGCAGG,NGG,chr4,8419573,-
AGCTGTAAGCAGG,NGG,chr3,7248631,-
CTGAAGGCTTAGG,NGG,chr1,3867659,+
AAGGCTAGCTGGA,NGG,chr3,2521285,-
GTAAGCGCTAGGC,NGG,chr3,7054056,-
TGCATGCATAGGC,NGG,chr5,6814459,+
AAGGCTAGCTGGA,NGG,chr2,2695452,-
TGCATGCATAGGC,NGG,chr3,8076404,+
AAGGCTAGCTGGA,NGG,chr4,1213193,+
GTAAGCGCTAGGC,NGG,chr4,7705367,+
AGCTGTAAGCAGG,NGG,chr4,5206225,+
TGCATGCATAGGC,NGG,chr1,5673323,-
TGCATGCATAGGC,NGG,chr3,2263870,-
CTGAAGGCTTAGG,NGG,chr4,8429967,+
CTGAAGGCTTAGG,NGG,chr1,1164397,+
TGCATGCATAGGC,NGG,chr4,9752584,-
AAGGCTAGCTGGA,NGG,chr5,1053438,+
CTGAAGGCTTAGG,NGG,chr2,8748308,+
TGCATGCATAGGC,NGG,chr2,7138218,+
AAGGCTAGCTGGA,NGG,chr2,6742747,+
AAGGCTAGCTGGA,NGG,chr5,5282980,+
CTGAAGGCTTAGG,NGG,chr2,5726839,-
GTAAGCGCTAGGC,NGG,chr2,1362468,+
AGCTGTAAGCAGG,NGG,chr1,8874957,+
TGCATGCATAGGC,NGG,chr5,6292478,-
AAGGCTAGCTGGA,NGG,chr5,1434790,+
TGCATGCATAGGC,NGG,chr3,8513694,-
AAGGCTAGCTGGA,NGG,chr4,3559628,+
CTGAAGGCTTAGG,NGG,chr2,7085178,+
AGCTGTAAGCAGG,NGG,chr1,4692415,-
CTGAAGGCTTAGG,NGG,chr1,6702590,-
CTGAAGGCTTAGG,NGG,chr3,2448558,-
TGCATGCATAGGC,NGG,chr4,7849981,-
AGCTGTAAGCAGG,NGG,chr5,5687313,-
TGCATGCATAGGC,NGG,chr5,9473864,+
AAGGCTAGCTGGA,NGG,chr5,4238167,-
AGCTGTAAGCAGG,NGG,chr1,1274254,-
GTAAGCGCTAGGC,NGG,chr3,9821601,+
AGCTGTAAGCAGG,NGG,chr4,2439205,+
AGCTGTAAGCAGG,NGG,chr2,3753024,-
AGCTGTAAGCAGG,NGG,chr2,5224265,+
TGCATGCATAGGC,NGG,chr2,8076543,+
AGCTGTAAGCAGG,NGG,chr1,9664376,+
AGCTGTAAGCAGG,NGG,chr4,1157809,-
AAGGCTAGCTGGA,NGG,chr4,4573398,-
AAGGCTAGCTGGA,NGG,chr3,6711714,-
AGCTGTAAGCAGG,NGG,chr2,1266671,+
AAGGCTAGCTGGA,NGG,chr3,4599449,+
TGCATGCATAGGC,NGG,chr1,7119157,-
GTAAGCGCTAGGC,NGG,chr2,4479760,+
GTAAGCGCTAGGC,NGG,chr2,1719948,+
AGCTGTAAGCAGG,NGG,chr4,7187082,-
AGCTGTAAGCAGG,NGG,chr3,1532234,-
TGCATGCATAGGC,NGG,chr5,6250897,+
CTGAAGGCTTAGG,NGG,chr2,4169471,-
TGCATGCATAGGC,NGG,chr1,7135917,-
GTAAGCGCTAGGC,NGG,chr4,4467135,+
AAGGCTAGCTGGA,NGG,chr1,5447348,-
GTAAGCGCTAGGC,NGG,chr4,6237264,-
AGCTGTAAGCAGG,NGG,chr4,4340901,+
GTAAGCGCTAGGC,NGG,chr1,5451560,+
GTAAGCGCTAGGC,NGG,chr1,9708415,-
AGCTGTAAGCAGG,NGG,chr1,8485957,+
AAGGCTAGCTGGA,NGG,chr5,1412430,-
CTGAAGGCTTAGG,NGG,chr4,6232279,+
AAGGCTAGCTGGA,NGG,chr2,4594882,+
TGCATGCATAGGC,NGG,chr1,8506077,+
AAGGCTAGCTGGA,NGG,chr3,7989283,-
CTGAAGGCTTAGG,NGG,chr1,5116178,-
TGCATGCATAGGC,NGG,chr2,1664460,-
AGCTGTAAGCAGG,NGG,chr2,3889628,+
GTAAGCGCTAGGC,NGG,chr3,3960519,-
TGCATGCATAGGC,NGG,chr3,9150240,+
CTGAAGGCTTAGG,NGG,chr5,6314074,+
GTAAGCGCTAGGC,NGG,chr5,5373778,-
GTAAGCGCTAGGC,NGG,chr3,3291789,+
TGCATGCATAGGC,NGG,chr4,7039715,-
AAGGCTAGCTGGA,NGG,chr5,7459352,-
AGCTGTAAGCAGG,NGG,chr3,2283425,+
AAGGCTAGCTGGA,NGG,chr3,8658895,+
TGCATGCATAGGC,NGG,chr1,1999765,-
TGCATGCATAGGC,NGG,chr5,9211024,+
AGCTGTAAGCAGG,NGG,chr4,4404063,-
GTAAGCGCTAGGC,NGG,chr5,4391577,-
GTAAGCGCTAGGC,NGG,chr5,9192926,+
AAGGCTAGCTGGA,NGG,chr2,2007995,-
CTGAAGGCTTAGG,NGG,chr1,5095759,-
GTAAGCGCTAGGC,NGG,chr2,4756484,+
GTAAGCGCTAGGC,NGG,chr3,8524412,+
GTAAGCGCTAGGC,NGG,chr3,5130812,+
GTAAGCGCTAGGC,NGG,chr4,4758876,+
AAGGCTAGCTGGA,NGG,chr1,3931033,+
AAGGCTAGCTGGA,NGG,chr4,3163822,+
AGCTGTAAGCAGG,NGG,chr3,1417498,-
CTGAAGGCTTAGG,NGG,chr3,5268718,+
TGCATGCATAGGC,NGG,chr1,7662031,-
CTGAAGGCTTAGG,NGG,chr2,3632745,-
AGCTGTAAGCAGG,NGG,chr5,2760672,-
AAGGCTAGCTGGA,NGG,chr1,7300762,+
AAGGCTAGCTGGA,NGG,chr1,6180795,+
AAGGCTAGCTGGA,NGG,chr1,1674484,-
TGCATGCATAGGC,NGG,chr3,2538814,+
CTGAAGGCTTAGG,NGG,chr5,9501274,+
CTGAAGGCTTAGG,NGG,chr4,6825878,-
GTAAGCGCTAGGC,NGG,chr3,1992599,+
GTAAGCGCTAGGC,NGG,chr4,3311499,+
TGCATGCATAGGC,NGG,chr4,9971736,+
GTAAGCGCTAGGC,NGG,chr4,2783963,-
AAGGCTAGCTGGA,NGG,chr2,5684291,-
GTAAGCGCTAGGC,NGG,chr3,7761461,+
AGCTGTAAGCAGG,NGG,chr2,5691102,+
CTGAAGGCTTAGG,NGG,chr3,4011446,-
TGCATGCATAGGC,NGG,chr2,4159299,+
CTGAAGGCTTAGG,NGG,chr4,1448468,+
TGCATGCATAGGC,NGG,chr2,9016925,+
GTAAGCGCTAGGC,NGG,chr3,4844704,+
TGCATGCATAGGC,NGG,chr4,7122556,-
TGCATGCATAGGC,NGG,chr1,3331588,+
TGCATGCATAGGC,NGG,chr1,4161379,-
AGCTGTAAGCAGG,NGG,chr1,7188451,+
AAGGCTAGCTGGA,NGG,chr4,7611439,+
TGCATGCATAGGC,NGG,chr4,4112390,+
AAGGCTAGCTGGA,NGG,chr5,9711733,-
AAGGCTAGCTGGA,NGG,chr5,3789911,+
GTAAGCGCTAGGC,NGG,chr2,2645645,+
AAGGCTAGCTGGA,NGG,chr3,6015710,+
TGCATGCATAGGC,NGG,chr2,1874861,+
CTGAAGGCTTAGG,NGG,chr5,4945310,+
AAGGCTAGCTGGA,NGG,chr3,1901698,-
TGCATGCATAGGC,NGG,chr1,4961796,-
AGCTGTAAGCAGG,NGG,chr1,1799894,+
TGCATGCATAGGC,NGG,chr4,7247025,+
AGCTGTAAGCAGG,NGG,chr4,2012016,-
CTGAAGGCTTAGG,NGG,chr5,9374269,+
AAGGCTAGCTGGA,NGG,chr4,8169002,-
CTGAAGGCTTAGG,NGG,chr2,7288225,+
AAGGCTAGCTGGA,NGG,chr1,8160170,-
AGCTGTAAGCAGG,NGG,chr2,8690280,-
CTGAAGGCTTAGG,NGG,chr2,2761231,+
AAGGCTAGCTGGA,NGG,chr3,2959889,-
GTAAGCGCTAGGC,NGG,chr3,1603435,-
GTAAGCGCTAGGC,NGG,chr1,9807035,+
TGCATGCATAGGC,NGG,chr4,7202364,-
CTGAAGGCTTAGG,NGG,chr4,2459757,-
TGCATGCATAGGC,NGG,chr3,3275554,-
GTAAGCGCTAGGC,NGG,chr3,5861341,-
AAGGCTAGCTGGA,NGG,chr3,3264040,+
CTGAAGGCTTAGG,NGG,chr3,3250559,+
CTGAAGGCTTAGG,NGG,chr4,6199411,+
AAGGCTAGCTGGA,NGG,chr4,4876712,+
TGCATGCATAGGC,NGG,chr4,4012930,-
AAGGCTAGCTGGA,NGG,chr3,9466848,+
AAGGCTAGCTGGA,NGG,chr3,9950192,+
AGCTGTAAGCAGG,NGG,chr2,4362500,+
AGCTGTAAGCAGG,NGG,chr5,1156327,+
TGCATGCATAGGC,NGG,chr1,7826398,+
GTAAGCGCTAGGC,NGG,chr1,5325200,-
TGCATGCATAGGC,NGG,chr5,5138813,-
GTAAGCGCTAGGC,NGG,chr2,3984189,-
AAGGCTAGCTGGA,NGG,chr1,5333339,-
AGCTGTAAGCAGG,NGG,chr1,8094535,-
TGCATGCATAGGC,NGG,chr2,9155216,-
AGCTGTAAGCAGG,NGG,chr2,2278922,-
CTGAAGGCTTAGG,NGG,chr1,9437483,-
AAGGCTAGCTGGA,NGG,chr4,6002773,+
AAGGCTAGCTGGA,NGG,chr2,7461816,+
TGCATGCATAGGC,NGG,chr1,6302912,+
AGCTGTAAGCAGG,NGG,chr2,7057219,-
CTGAAGGCTTAGG,NGG,chr2,4242211,-
TGCATGCATAGGC,NGG,chr5,5798102,+
AGCTGTAAGCAGG,NGG,chr2,5840649,+
AAGGCTAGCTGGA,NGG,chr5,1865636,+
AAGGCTAGCTGGA,NGG,chr2,6476927,-
TGCATGCATAGGC,NGG,chr2,8693644,-
AAGGCTAGCTGGA,NGG,chr4,7793988,-
AAGGCTAGCTGGA,NGG,chr4,3749599,-
GTAAGCGCTAGGC,NGG,chr4,6818764,-
AAGGCTAGCTGGA,NGG,chr2,9565180,+
TGCATGCATAGGC,NGG,chr2,1947413,-
AAGGCTAGCTGGA,NGG,chr3,7167188,+
CTGAAGGCTTAGG,NGG,chr5,4554258,-
GTAAGCGCTAGGC,NGG,chr3,6531463,+
AAGGCTAGCTGGA,NGG,chr2,1329059,-
AGCTGTAAGCAGG,NGG,chr2,8088812,+
AAGGCTAGCTGGA,NGG,chr1,6975629,+
AGCTGTAAGCAGG,NGG,chr5,1889647,+
AGCTGTAAGCAGG,NGG,chr2,9734666,+
GTAAGCGCTAGGC,NGG,chr4,6786636,+
TGCATGCATAGGC,NGG,chr5,2438115,+
CTGAAGGCTTAGG,NGG,chr3,1612404,-
TGCATGCATAGGC,NGG,chr4,8858827,-
AAGGCTAGCTGGA,NGG,chr3,2607859,-
CTGAAGGCTTAGG,NGG,chr2,3217751,-
GTAAGCGCTAGGC,NGG,chr4,9464811,+
CTGAAGGCTTAGG,NGG,chr4,5774040,-
AAGGCTAGCTGGA,NGG,chr2,3458357,-
AGCTGTAAGCAGG,NGG,chr3,6873337,+
TGCATGCATAGGC,NGG,chr2,1370423,-
AGCTGTAAGCAGG,NGG,chr5,5448124,+
AGCTGTAAGCAGG,NGG,chr1,7089414,-
CTGAAGGCTTAGG,NGG,chr4,1223868,+
GTAAGCGCTAGGC,NGG,chr2,3945064,-
TGCATGCATAGGC,NGG,chr5,4305387,-
GTAAGCGCTAGGC,NGG,chr2,5937611,+
TGCATGCATAGGC,NGG,chr4,5216678,+
CTGAAGGCTTAGG,NGG,chr5,4053148,+
TGCATGCATAGGC,NGG,chr4,8516796,-
AAGGCTAGCTGGA,NGG,chr4,4465415,+
CTGAAGGCTTAGG,NGG,chr5,5836876,-
AAGGCTAGCTGGA,NGG,chr5,3972754,+
AGCTGTAAGCAGG,NGG,chr3,9024057,+
CTGAAGGCTTAGG,NGG,chr5,2834816,+
AGCTGTAAGCAGG,NGG,chr3,8627084,+
TGCATGCATAGGC,NGG,chr5,5394541,-
AGCTGTAAGCAGG,NGG,chr5,2819803,-
GTAAGCGCTAGGC,NGG,chr2,2249860,+
TGCATGCATAGGC,NGG,chr5,3965014,-
CTGAAGGCTTAGG,NGG,chr3,6927811,-
TGCATGCATAGGC,NGG,chr4,6183476,+
AGCTGTAAGCAGG,NGG,chr1,2576240,-
TGCATGCATAGGC,NGG,chr1,4627830,-
AAGGCTAGCTGGA,NGG,chr2,5609939,+
AGCTGTAAGCAGG,NGG,chr3,2999119,-
GTAAGCGCTAGGC,NGG,chr5,5427039,+
AAGGCTAGCTGGA,NGG,chr1,1507933,+
TGCATGCATAGGC,NGG,chr1,5453670,-
AGCTGTAAGCAGG,NGG,chr3,5003236,-
TGCATGCATAGGC,NGG,chr4,4935272,+
AAGGCTAGCTGGA,NGG,chr3,1334606,-
TGCATGCATAGGC,NGG,chr1,6498141,+
AAGGCTAGCTGGA,NGG,chr5,8239765,+
CTGAAGGCTTAGG,NGG,chr1,3167727,+
GTAAGCGCTAGGC,NGG,chr2,5599810,-
CTGAAGGCTTAGG,NGG,chr1,8526568,+
AGCTGTAAGCAGG,NGG,chr1,6850616,-
GTAAGCGCTAGGC,NGG,chr1,2662890,-
AAGGCTAGCTGGA,NGG,chr1,2313777,-
CTGAAGGCTTAGG,NGG,chr3,5269932,-
AAGGCTAGCTGGA,NGG,chr2,5184576,+
AGCTGTAAGCAGG,NGG,chr3,8558644,+
AAGGCTAGCTGGA,NGG,chr3,4927130,+
TGCATGCATAGGC,NGG,chr1,3084639,+
CTGAAGGCTTAGG,NGG,chr5,4772873,-
TGCATGCATAGGC,NGG,chr3,8944774,-
GTAAGCGCTAGGC,NGG,chr5,9028759,+
TGCATGCATAGGC,NGG,chr1,9317644,-
TGCATGCATAGGC,NGG,chr4,6607489,-
AAGGCTAGCTGGA,NGG,chr5,8283341,-
CTGAAGGCTTAGG,NGG,chr4,7538676,+
TGCATGCATAGGC,NGG,chr1,8655458,+
AGCTGTAAGCAGG,NGG,chr1,6036438,+
AAGGCTAGCTGGA,NGG,chr5,2276855,+
GTAAGCGCTAGGC,NGG,chr1,3949347,+
GTAAGCGCTAGGC,NGG,chr5,4814909,+
AAGGCTAGCTGGA,NGG,chr1,8146202,+
AGCTGTAAGCAGG,NGG,chr1,5234291,+
AAGGCTAGCTGGA,NGG,chr3,5905524,+
AGCTGTAAGCAGG,NGG,chr5,6985954,-
CTGAAGGCTTAGG,NGG,chr1,1832428,-
CTGAAGGCTTAGG,NGG,chr1,1282248,+
CTGAAGGCTTAGG,NGG,chr3,3777247,+
CTGAAGGCTTAGG,NGG,chr1,3147463,+
TGCATGCATAGGC,NGG,chr1,4928176,+
AAGGCTAGCTGGA,NGG,chr3,1005481,+
AGCTGTAAGCAGG,NGG,chr3,8989611,+
CTGAAGGCTTAGG,NGG,chr3,2248163,-
GTAAGCGCTAGGC,NGG,chr1,1670199,-
TGCATGCATAGGC,NGG,chr5,9794219,+
CTGAAGGCTTAGG,NGG,chr2,9483013,-
GTAAGCGCTAGGC,NGG,chr3,8557493,-
CTGAAGGCTTAGG,NGG,chr2,5974178,-
AAGGCTAGCTGGA,NGG,chr4,4757999,+
TGCATGCATAGGC,NGG,chr1,6233458,-
GTAAGCGCTAGGC,NGG,chr1,4146305,-
CTGAAGGCTTAGG,NGG,chr3,4123054,-
AGCTGTAAGCAGG,NGG,chr1,7945526,+
GTAAGCGCTAGGC,NGG,chr3,3840441,-
AAGGCTAGCTGGA,NGG,chr4,3098268,+
AGCTGTAAGCAGG,NGG,chr3,1166640,-
GTAAGCGCTAGGC,NGG,chr5,1853453,+
TGCATGCATAGGC,NGG,chr1,2134297,+
AGCTGTAAGCAGG,NGG,chr1,7003933,-
AGCTGTAAGCAGG,NGG,chr5,6803962,-
GTAAGCGCTAGGC,NGG,chr3,1714975,-
AAGGCTAGCTGGA,NGG,chr2,7876300,+
AGCTGTAAGCAGG,NGG,chr2,8925694,+
AAGGCTAGCTGGA,NGG,chr2,7671730,+
AAGGCTAGCTGGA,NGG,chr2,5544819,-
GTAAGCGCTAGGC,NGG,chr1,5989762,-
TGCATGCATAGGC,NGG,chr1,4298866,+
AGCTGTAAGCAGG,NGG,chr2,5765054,+
AGCTGTAAGCAGG,NGG,chr5,1954843,-
TGCATGCATAGGC,NGG,chr3,1568170,-
AGCTGTAAGCAGG,NGG,chr3,6429976,-
AGCTGTAAGCAGG,NGG,chr5,6696587,+
AGCTGTAAGCAGG,NGG,chr3,6566491,-
AAGGCTAGCTGGA,NGG,chr1,2453866,+
GTAAGCGCTAGGC,NGG,chr1,8543361,+
AAGGCTAGCTGGA,NGG,chr4,5392789,+
AAGGCTAGCTGGA,NGG,chr4,3875196,+
AAGGCTAGCTGGA,NGG,chr1,1057107,-
TGCATGCATAGGC,NGG,chr5,5020198,-
AAGGCTAGCTGGA,NGG,chr4,3491268,-
GTAAGCGCTAGGC,NGG,chr4,9388124,-
CTGAAGGCTTAGG,NGG,chr3,2441210,+
AAGGCTAGCTGGA,NGG,chr5,8924752,-
TGCATGCATAGGC,NGG,chr3,7153989,-
GTAAGCGCTAGGC,NGG,chr2,6304306,-
TGCATGCATAGGC,NGG,chr3,8328785,-
GTAAGCGCTAGGC,NGG,chr2,4876302,-
AAGGCTAGCTGGA,NGG,chr1,7582950,+
CTGAAGGCTTAGG,NGG,chr4,4119875,-
GTAAGCGCTAGGC,NGG,chr5,7483764,-
GTAAGCGCTAGGC,NGG,chr1,5669558,-
TGCATGCATAGGC,NGG,chr4,9127310,+
AAGGCTAGCTGGA,NGG,chr1,3757250,+
TGCATGCATAGGC,NGG,chr2,7120481,-
AGCTGTAAGCAGG,NGG,chr5,1502731,+
GTAAGCGCTAGGC,NGG,chr3,7121917,+
AGCTGTAAGCAGG,NGG,chr2,7699805,-
CTGAAGGCTTAGG,NGG,chr3,1683272,-
GTAAGCGCTAGGC,NGG,chr4,8735765,-
CTGAAGGCTTAGG,NGG,chr2,5700190,-
GTAAGCGCTAGGC,NGG,chr2,2846731,+
GTAAGCGCTAGGC,NGG,chr4,2776207,-
TGCATGCATAGGC,NGG,chr3,9406533,+
AGCTGTAAGCAGG,NGG,chr2,5089901,-
TGCATGCATAGGC,NGG,chr5,4164501,+
GTAAGCGCTAGGC,NGG,chr2,5233715,-
AAGGCTAGCTGGA,NGG,chr1,7279314,-
TGCATGCATAGGC,NGG,chr3,7559947,+
TGCATGCATAGGC,NGG,chr2,1285471,+
GTAAGCGCTAGGC,NGG,chr2,4270097,-
GTAAGCGCTAGGC,NGG,chr5,8992228,+
TGCATGCATAGGC,NGG,chr5,8677410,+
AAGGCTAGCTGGA,NGG,chr3,3107514,-
AAGGCTAGCTGGA,NGG,chr4,7844228,-
TGCATGCATAGGC,NGG,chr4,8385278,-
AGCTGTAAGCAGG,NGG,chr5,9044049,-
AAGGCTAGCTGGA,NGG,chr2,4485641,-
AGCTGTAAGCAGG,NGG,chr3,5572988,+
AAGGCTAGCTGGA,NGG,chr4,9851592,-
AGCTGTAAGCAGG,NGG,chr3,2305176,-
GTAAGCGCTAGGC,NGG,chr4,7158729,+
TGCATGCATAGGC,NGG,chr4,9009437,+
AGCTGTAAGCAGG,NGG,chr5,8438669,-
AAGGCTAGCTGGA,NGG,chr5,6884731,-
AAGGCTAGCTGGA,NGG,chr3,6407820,+
AAGGCTAGCTGGA,NGG,chr1,4255634,-
GTAAGCGCTAGGC,NGG,chr5,8496794,-
AGCTGTAAGCAGG,NGG,chr1,9452819,-
AAGGCTAGCTGGA,NGG,chr2,9457707,-
AGCTGTAAGCAGG,NGG,chr4,4926412,+
GTAAGCGCTAGGC,NGG,chr3,6506345,-
CTGAAGGCTTAGG,NGG,chr4,1076052,-
AAGGCTAGCTGGA,NGG,chr4,1034788,-
GTAAGCGCTAGGC,NGG,chr1,9683368,+
TGCATGCATAGGC,NGG,chr4,9636512,-
CTGAAGGCTTAGG,NGG,chr5,2030388,-
CTGAAGGCTTAGG,NGG,chr4,6286044,-
CTGAAGGCTTAGG,NGG,chr4,5418736,-
GTAAGCGCTAGGC,NGG,chr1,2126977,-
CTGAAGGCTTAGG,NGG,chr3,6289781,+
TGCATGCATAGGC,NGG,chr5,6940799,-
TGCATGCATAGGC,NGG,chr3,1821524,-
CTGAAGGCTTAGG,NGG,chr2,4871558,+
GTAAGCGCTAGGC,NGG,chr2,3461146,-
TGCATGCATAGGC,NGG,chr4,3052119,-
GTAAGCGCTAGGC,NGG,chr3,3683343,-
AGCTGTAAGCAGG,NGG,chr4,1752778,-
AAGGCTAGCTGGA,NGG,chr2,8606591,+
