gRNA_sequence,off_target_sequence,chromosome,position,score
TGCATGCATAGGC,TGCATGCATAGGC,chr4,6665675,0.89
AGCTGTAAGCAGG,AGCTGTAAGCAGG,chr5,2378587,0.93
AAGGCTAGCTGGA,AAGGCTAGCTGGA,chr2,6839505,0.84
CTGAAGGCTTAGG,GTAAGCGCTAGGC,chr2,4133677,0.86
TGCATGCATAGGC,CTGAAGGCTTAGG,chr3,2272119,0.98
GTAAGCGCTAGGC,AGCTGTAAGCAGG,chr1,9265543,0.99
TGCATGCATAGGC,CTGAAGGCTTAGG,chr4,6666210,0.86
AAGGCTAGCTGGA,CTGAAGGCTTAGG,chr3,2268422,0.82
GTAAGCGCTAGGC,TGCATGCATAGGC,chr2,4719103,0.8
TGCATGCATAGGC,CTGAAGGCTTAGG,chr5,3310358,0.97
CTGAAGGCTTAGG,AAGGCTAGCTGGA,chr2,7910253,0.82
TGCATGCATAGGC,CTGAAGGCTTAGG,chr2,1791890,0.87
GTAAGCGCTAGGC,CTGAAGGCTTAGG,chr2,3377311,0.82
CTGAAGGCTTAGG,CTGAAGGCTTAGG,chr5,3356086,0.89
TGCATGCATAGGC,AGCTGTAAGCAGG,chr1,9987837,0.84
AGCTGTAAGCAGG,GTAAGCGCTAGGC,chr4,3679796,0.86
AAGGCTAGCTGGA,CTGAAGGCTTAGG,chr1,1119985,0.9
AAGGCTAGCTGGA,CTGAAGGCTTAGG,chr5,7187073,0.98
AAGGCTAGCTGGA,AGCTGTAAGCAGG,chr3,2084981,0.85
AAGGCTAGCTGGA,TGCATGCATAGGC,chr5,2644797,0.83
TGCATGCATAGGC,AGCTGTAAGCAGG,chr3,2304491,0.87
AGCTGTAAGCAGG,AAGGCTAGCTGGA,chr2,4644801,0.98
TGCATGCATAGGC,AGCTGTAAGCAGG,chr1,6161227,0.84
CTGAAGGCTTAGG,AAGGCTAGCTGGA,chr5,8586186,0.98
GTAAGCGCTAGGC,AGCTGTAAGCAGG,chr2,5484814,0.99
GTAAGCGCTAGGC,CTGAAGGCTTAGG,chr3,4970909,0.99
AGCTGTAAGCAGG,GTAAGCGCTAGGC,chr5,9646014,0.99
GTAAGCGCTAGGC,TGCATGCATAGGC,chr5,9262879,0.99
AAGGCTAGCTGGA,GTAAGCGCTAGGC,chr2,2360729,0.85
AAGGCTAGCTGGA,CTGAAGGCTTAGG,chr4,3520755,0.94
AGCTGTAAGCAGG,TGCATGCATAGGC,chr2,6285390,0.85
AAGGCTAGCTGGA,GTAAGCGCTAGGC,chr4,8611071,0.81
TGCATGCATAGGC,AGCTGTAAGCAGG,chr4,2720030,0.94
AAGGCTAGCTGGA,CTGAAGGCTTAGG,chr4,2369959,0.83
TGCATGCATAGGC,GTAAGCGCTAGGC,chr5,7406630,0.89
GTAAGCGCTAGGC,CTGAAGGCTTAGG,chr2,2081807,0.88
AGCTGTAAGCAGG,CTGAAGGCTTAGG,chr5,8949368,0.94
GTAAGCGCTAGGC,AAGGCTAGCTGGA,chr5,4226413,0.94
GTAAGCGCTAGGC,TGCATGCATAGGC,chr1,5150588,0.91
GTAAGCGCTAGGC,CTGAAGGCTTAGG,chr5,2996139,0.98
AGCTGTAAGCAGG,TGCATGCATAGGC,chr3,7311193,0.88
GTAAGCGCTAGGC,GTAAGCGCTAGGC,chr2,5620354,0.81
AAGGCTAGCTGGA,CTGAAGGCTTAGG,chr4,1117508,0.91
CTGAAGGCTTAGG,AGCTGTAAGCAGG,chr3,8127090,0.94
TGCATGCATAGGC,GTAAGCGCTAGGC,chr1,2999988,0.84
CTGAAGGCTTAGG,CTGAAGGCTTAGG,chr2,4749255,0.89
TGCATGCATAGGC,AGCTGTAAGCAGG,chr5,4773489,0.92
CTGAAGGCTTAGG,GTAAGCGCTAGGC,chr3,1714732,0.95
TGCATGCATAGGC,GTAAGCGCTAGGC,chr3,5345648,0.88
TGCATGCATAGGC,GTAAGCGCTAGGC,chr2,5445510,0.85
GTAAGCGCTAGGC,TGCATGCATAGGC,chr2,8016551,0.94
GTAAGCGCTAGGC,AGCTGTAAGCAGG,chr2,8252472,0.91
AAGGCTAGCTGGA,CTGAAGGCTTAGG,chr5,2866538,0.84
AGCTGTAAGCAGG,AAGGCTAGCTGGA,chr5,8267907,0.93
GTAAGCGCTAGGC,GTAAGCGCTAGGC,chr3,6729265,0.8
AGCTGTAAGCAGG,CTGAAGGCTTAGG,chr3,3043612,0.93
CTGAAGGCTTAGG,CTGAAGGCTTAGG,chr1,8801318,0.92
TGCATGCATAGGC,AGCTGTAAGCAGG,chr1,3946361,0.83
GTAAGCGCTAGGC,AAGGCTAGCTGGA,chr2,7655238,0.95
AAGGCTAGCTGGA,CTGAAGGCTTAGG,chr4,4935241,0.87
GTAAGCGCTAGGC,CTGAAGGCTTAGG,chr1,6055590,0.92
AAGGCTAGCTGGA,AGCTGTAAGCAGG,chr3,5172590,0.95
CTGAAGGCTTAGG,TGCATGCATAGGC,chr2,1902132,0.94
GTAAGCGCTAGGC,AGCTGTAAGCAGG,chr3,9172831,0.95
TGCATGCATAGGC,TGCATGCATAGGC,chr1,6200633,0.87
CTGAAGGCTTAGG,AGCTGTAAGCAGG,chr1,7818188,0.93
AGCTGTAAGCAGG,CTGAAGGCTTAGG,chr3,4071897,0.93
AGCTGTAAGCAGG,AAGGCTAGCTGGA,chr4,5950618,0.99
GTAAGCGCTAGGC,TGCATGCATAGGC,chr2,9722843,0.92
AAGGCTAGCTGGA,GTAAGCGCTAGGC,chr2,2906247,0.99
AAGGCTAGCTGGA,TGCATGCATAGGC,chr3,1742012,0.95
GTAAGCGCTAGGC,CTGAAGGCTTAGG,chr4,8343291,0.89
AAGGCTAGCTGGA,AGCTGTAAGCAGG,chr3,2198763,0.82
TGCATGCATAGGC,CTGAAGGCTTAGG,chr4,9630841,0.88
GTAAGCGCTAGGC,CTGAAGGCTTAGG,chr1,2889881,0.86
CTGAAGGCTTAGG,GTAAGCGCTAGGC,chr5,7294354,0.91
TGCATGCATAGGC,GTAAGCGCTAGGC,chr5,6073030,0.99
AGCTGTAAGCAGG,CTGAAGGCTTAGG,chr1,1681611,0.91
CTGAAGGCTTAGG,AAGGCTAGCTGGA,chr5,2162545,0.84
TGCATGCATAGGC,AAGGCTAGCTGGA,chr3,6417241,0.99
AGCTGTAAGCAGG,AAGGCTAGCTGGA,chr5,7053702,0.84
GTAAGCGCTAGGC,TGCATGCATAGGC,chr3,1013467,0.93
GTAAGCGCTAGGC,TGCATGCATAGGC,chr4,4310420,0.83
TGCATGCATAGGC,CTGAAGGCTTAGG,chr2,2913564,0.9
TGCATGCATAGGC,TGCATGCATAGGC,chr4,6062912,0.84
GTAAGCGCTAGGC,AGCTGTAAGCAGG,chr2,4464880,0.87
TGCATGCATAGGC,TGCATGCATAGGC,chr5,1765734,0.81
CTGAAGGCTTAGG,CTGAAGGCTTAGG,chr1,5612125,0.88
GTAAGCGCTAGGC,AAGGCTAGCTGGA,chr2,6860510,0.94
AGCTGTAAGCAGG,AGCTGTAAGCAGG,chr4,9081955,1.0
TGCATGCATAGGC,CTGAAGGCTTAGG,chr2,4103262,0.91
AGCTGTAAGCAGG,AAGGCTAGCTGGA,chr3,2779867,0.97
CTGAAGGCTTAGG,GTAAGCGCTAGGC,chr3,2330951,0.99
TGCATGCATAGGC,TGCATGCATAGGC,chr1,2014152,0.85
GTAAGCGCTAGGC,TGCATGCATAGGC,chr2,1085429,0.89
TGCATGCATAGGC,AAGGCTAGCTGGA,chr4,8078630,0.95
TGCATGCATAGGC,GTAAGCGCTAGGC,chr4,6658373,0.92
GTAAGCGCTAGGC,AGCTGTAAGCAGG,chr4,2234110,0.92
AGCTGTAAGCAGG,GTAAGCGCTAGGC,chr5,8856935,0.81
CTGAAGGCTTAGG,AGCTGTAAGCAGG,chr5,3793735,0.9
AAGGCTAGCTGGA,AAGGCTAGCTGGA,chr5,7992541,0.85
TGCATGCATAGGC,GTAAGCGCTAGGC,chr5,4924329,0.91
AGCTGTAAGCAGG,AAGGCTAGCTGGA,chr2,3661101,0.97
TGCATGCATAGGC,GTAAGCGCTAGGC,chr1,5470889,0.84
AGCTGTAAGCAGG,GTAAGCGCTAGGC,chr2,3060271,0.9
GTAAGCGCTAGGC,TGCATGCATAGGC,chr4,6357526,0.9
CTGAAGGCTTAGG,AGCTGTAAGCAGG,chr2,3472301,0.96
CTGAAGGCTTAGG,AAGGCTAGCTGGA,chr5,3724471,0.89
AGCTGTAAGCAGG,AGCTGTAAGCAGG,chr4,6199757,0.98
GTAAGCGCTAGGC,TGCATGCATAGGC,chr5,5222807,0.85
AAGGCTAGCTGGA,CTGAAGGCTTAGG,chr4,5644093,0.81
AGCTGTAAGCAGG,CTGAAGGCTTAGG,chr2,9336740,0.88
AAGGCTAGCTGGA,GTAAGCGCTAGGC,chr3,9281065,0.86
GTAAGCGCTAGGC,AGCTGTAAGCAGG,chr5,2768150,0.92
AAGGCTAGCTGGA,GTAAGCGCTAGGC,chr3,2841914,0.81
GTAAGCGCTAGGC,TGCATGCATAGGC,chr3,5193717,0.81
CTGAAGGCTTAGG,AGCTGTAAGCAGG,chr1,7611038,0.97
AGCTGTAAGCAGG,CTGAAGGCTTAGG,chr2,9128298,0.99
AAGGCTAGCTGGA,GTAAGCGCTAGGC,chr5,7586320,0.86
CTGAAGGCTTAGG,CTGAAGGCTTAGG,chr2,6889815,0.81
GTAAGCGCTAGGC,TGCATGCATAGGC,chr5,3997240,0.98
CTGAAGGCTTAGG,AAGGCTAGCTGGA,chr4,5491340,0.97
CTGAAGGCTTAGG,TGCATGCATAGGC,chr2,8496687,0.97
CTGAAGGCTTAGG,AGCTGTAAGCAGG,chr4,3923344,0.9
TGCATGCATAGGC,AAGGCTAGCTGGA,chr4,9466935,0.99
TGCATGCATAGGC,AGCTGTAAGCAGG,chr1,3399482,0.95
TGCATGCATAGGC,CTGAAGGCTTAGG,chr1,9384398,1.0
AGCTGTAAGCAGG,CTGAAGGCTTAGG,chr2,7213832,0.84
TGCATGCATAGGC,TGCATGCATAGGC,chr3,7195583,0.97
AAGGCTAGCTGGA,TGCATGCATAGGC,chr5,8966677,0.81
AGCTGTAAGCAGG,GTAAGCGCTAGGC,chr4,2778142,0.9
TGCATGCATAGGC,AGCTGTAAGCAGG,chr4,7826479,0.85
AGCTGTAAGCAGG,TGCATGCATAGGC,chr4,8399747,0.87
AAGGCTAGCTGGA,CTGAAGGCTTAGG,chr1,4326531,0.89
AGCTGTAAGCAGG,AGCTGTAAGCAGG,chr3,1247099,0.9
GTAAGCGCTAGGC,TGCATGCATAGGC,chr1,9398584,0.93
GTAAGCGCTAGGC,GTAAGCGCTAGGC,chr4,3399584,0.83
AAGGCTAGCTGGA,TGCATGCATAGGC,chr1,8893298,0.92
AAGGCTAGCTGGA,TGCATGCATAGGC,chr5,4258252,0.87
GTAAGCGCTAGGC,AGCTGTAAGCAGG,chr3,2808809,0.91
CTGAAGGCTTAGG,AGCTGTAAGCAGG,chr4,5609113,1.0
AGCTGTAAGCAGG,AAGGCTAGCTGGA,chr4,2688948,0.84
TGCATGCATAGGC,TGCATGCATAGGC,chr4,3637267,0.85
CTGAAGGCTTAGG,AGCTGTAAGCAGG,chr4,8309138,1.0
GTAAGCGCTAGGC,AAGGCTAGCTGGA,chr5,5643575,0.81
AAGGCTAGCTGGA,CTGAAGGCTTAGG,chr3,3725040,0.83
AGCTGTAAGCAGG,AGCTGTAAGCAGG,chr5,2118308,0.94
AAGGCTAGCTGGA,AGCTGTAAGCAGG,chr1,6487558,0.83
AAGGCTAGCTGGA,AAGGCTAGCTGGA,chr2,9027960,0.81
TGCATGCATAGGC,TGCATGCATAGGC,chr5,9222020,0.99
GTAAGCGCTAGGC,AGCTGTAAGCAGG,chr1,8580939,0.92
GTAAGCGCTAGGC,AAGGCTAGCTGGA,chr2,2327271,0.82
TGCATGCATAGGC,CTGAAGGCTTAGG,chr2,8144072,0.96
TGCATGCATAGGC,TGCATGCATAGGC,chr1,2859777,1.0
AGCTGTAAGCAGG,AGCTGTAAGCAGG,chr2,8301862,0.9
AAGGCTAGCTGGA,GTAAGCGCTAGGC,chr1,4387150,0.84
CTGAAGGCTTAGG,AAGGCTAGCTGGA,chr2,7660483,0.9
AAGGCTAGCTGGA,GTAAGCGCTAGGC,chr1,7846290,0.93
GTAAGCGCTAGGC,TGCATGCATAGGC,chr5,9903553,0.84
GTAAGCGCTAGGC,GTAAGCGCTAGGC,chr3,7902690,0.94
GTAAGCGCTAGGC,AAGGCTAGCTGGA,chr4,7040797,0.99
AGCTGTAAGCAGG,AAGGCTAGCTGGA,chr2,7157856,0.99
TGCATGCATAGGC,CTGAAGGCTTAGG,chr5,2430798,0.97
TGCATGCATAGGC,GTAAGCGCTAGGC,chr4,8512303,0.87
CTGAAGGCTTAGG,AAGGCTAGCTGGA,chr2,1322861,0.83
TGCATGCATAGGC,AAGGCTAGCTGGA,chr2,4052132,0.98
AAGGCTAGCTGGA,AAGGCTAGCTGGA,chr4,1011700,0.8
CTGAAGGCTTAGG,CTGAAGGCTTAGG,chr3,6792812,0.98
TGCATGCATAGGC,TGCATGCATAGGC,chr1,1816918,0.9
TGCATGCATAGGC,AAGGCTAGCTGGA,chr1,2341804,0.99
CTGAAGGCTTAGG,CTGAAGGCTTAGG,chr4,4343227,0.99
AGCTGTAAGCAGG,AGCTGTAAGCAGG,chr1,3761060,0.8
TGCATGCATAGGC,AGCTGTAAGCAGG,chr3,1428930,0.99
AAGGCTAGCTGGA,AAGGCTAGCTGGA,chr5,8599975,0.88
AAGGCTAGCTGGA,TGCATGCATAGGC,chr5,1821188,0.93
AGCTGTAAGCAGG,TGCATGCATAGGC,chr3,2539000,0.95
GTAAGCGCTAGGC,CTGAAGGCTTAGG,chr1,7146885,0.9
TGCATGCATAGGC,TGCATGCATAGGC,chr2,3609110,0.97
TGCATGCATAGGC,TGCATGCATAGGC,chr1,6908457,0.93
CTGAAGGCTTAGG,AAGGCTAGCTGGA,chr1,9012525,0.94
AAGGCTAGCTGGA,GTAAGCGCTAGGC,chr1,4637542,0.8
TGCATGCATAGGC,AGCTGTAAGCAGG,chr5,6927881,0.95
AAGGCTAGCTGGA,TGCATGCATAGGC,chr2,2820864,0.86
AAGGCTAGCTGGA,AGCTGTAAGCAGG,chr3,3144293,0.87
AAGGCTAGCTGGA,GTAAGCGCTAGGC,chr1,8751848,0.86
AAGGCTAGCTGGA,GTAAGCGCTAGGC,chr2,8418924,0.97
CTGAAGGCTTAGG,AGCTGTAAGCAGG,chr5,5961646,0.81
CTGAAGGCTTAGG,CTGAAGGCTTAGG,chr4,8364021,0.97
GTAAGCGCTAGGC,GTAAGCGCTAGGC,chr5,7461968,0.98
TGCATGCATAGGC,CTGAAGGCTTAGG,chr5,8274821,0.92
AAGGCTAGCTGGA,AGCTGTAAGCAGG,chr2,1012514,0.96
TGCATGCATAGGC,CTGAAGGCTTAGG,chr4,4420766,1.0
CTGAAGGCTTAGG,CTGAAGGCTTAGG,chr2,6827925,0.97
TGCATGCATAGGC,AAGGCTAGCTGGA,chr2,8155084,0.89
AAGGCTAGCTGGA,CTGAAGGCTTAGG,chr1,4178275,0.96
CTGAAGGCTTAGG,AGCTGTAAGCAGG,chr1,4738172,0.9
AAGGCTAGCTGGA,CTGAAGGCTTAGG,chr4,2986051,0.91
AAGGCTAGCTGGA,TGCATGCATAGGC,chr4,1259294,0.96
AGCTGTAAGCAGG,GTAAGCGCTAGGC,chr5,9270652,0.8
AAGGCTAGCTGGA,AGCTGTAAGCAGG,chr2,3347341,0.94
CTGAAGGCTTAGG,CTGAAGGCTTAGG,chr2,2424829,0.89
GTAAGCGCTAGGC,GTAAGCGCTAGGC,chr3,9232952,0.84
CTGAAGGCTTAGG,AAGGCTAGCTGGA,chr4,1909818,0.88
CTGAAGGCTTAGG,CTGAAGGCTTAGG,chr1,4275674,0.87
TGCATGCATAGGC,TGCATGCATAGGC,chr2,9066262,0.97
AGCTGTAAGCAGG,TGCATGCATAGGC,chr1,4327128,0.93
AAGGCTAGCTGGA,AAGGCTAGCTGGA,chr1,8653096,0.98
AAGGCTAGCTGGA,AGCTGTAAGCAGG,chr5,6240837,0.83
AGCTGTAAGCAGG,TGCATGCATAGGC,chr5,4130574,0.84
AGCTGTAAGCAGG,AGCTGTAAGCAGG,chr3,4720432,0.99
AGCTGTAAGCAGG,TGCATGCATAGGC,chr2,8475026,0.89
CTGAAGGCTTAGG,CTGAAGGCTTAGG,chr3,3298616,0.91
AAGGCTAGCTGGA,AAGGCTAGCTGGA,chr1,2482483,0.86
AGCTGTAAGCAGG,GTAAGCGCTAGGC,chr4,7268355,0.88
CTGAAGGCTTAGG,CTGAAGGCTTAGG,chr2,8300922,0.92
AGCTGTAAGCAGG,GTAAGCGCTAGGC,chr5,2428064,0.81
AGCTGTAAGCAGG,TGCATGCATAGGC,chr2,6957416,0.91
CTGAAGGCTTAGG,GTAAGCGCTAGGC,chr2,7508028,0.95
GTAAGCGCTAGGC,AGCTGTAAGCAGG,chr1,2870807,0.88
AGCTGTAAGCAGG,CTGAAGGCTTAGG,chr5,5020148,0.85
GTAAGCGCTAGGC,AAGGCTAGCTGGA,chr2,3139916,0.97
AGCTGTAAGCAGG,AAGGCTAGCTGGA,chr5,4853465,0.99
AGCTGTAAGCAGG,AGCTGTAAGCAGG,chr3,9462037,0.83
CTGAAGGCTTAGG,CTGAAGGCTTAGG,chr5,4803039,0.91
AGCTGTAAGCAGG,AAGGCTAGCTGGA,chr3,6559697,0.96
AAGGCTAGCTGGA,GTAAGCGCTAGGC,chr5,1442255,0.97
CTGAAGGCTTAGG,AAGGCTAGCTGGA,chr3,2372866,0.87
TGCATGCATAGGC,GTAAGCGCTAGGC,chr2,8885605,0.93
TGCATGCATAGGC,GTAAGCGCTAGGC,chr4,2323343,0.87
AAGGCTAGCTGGA,GTAAGCGCTAGGC,chr2,2519370,0.81
TGCATGCATAGGC,AGCTGTAAGCAGG,chr2,8938009,0.91
AGCTGTAAGCAGG,AAGGCTAGCTGGA,chr2,3837554,0.96
AAGGCTAGCTGGA,CTGAAGGCTTAGG,chr5,7447527,0.98
TGCATGCATAGGC,AAGGCTAGCTGGA,chr2,2423450,0.97
GTAAGCGCTAGGC,GTAAGCGCTAGGC,chr3,5278288,0.86
GTAAGCGCTAGGC,CTGAAGGCTTAGG,chr3,1154524,0.95
AAGGCTAGCTGGA,CTGAAGGCTTAGG,chr5,1509090,0.9
TGCATGCATAGGC,AGCTGTAAGCAGG,chr5,1913266,0.9
CTGAAGGCTTAGG,TGCATGCATAGGC,chr5,9254337,0.81
TGCATGCATAGGC,TGCATGCATAGGC,chr2,6568258,0.89
GTAAGCGCTAGGC,TGCATGCATAGGC,chr1,9260506,0.85
CTGAAGGCTTAGG,CTGAAGGCTTAGG,chr3,7321160,0.9
GTAAGCGCTAGGC,TGCATGCATAGGC,chr5,1759307,0.84
AGCTGTAAGCAGG,GTAAGCGCTAGGC,chr1,9520932,0.85
GTAAGCGCTAGGC,AGCTGTAAGCAGG,chr1,9089471,1.0
TGCATGCATAGGC,CTGAAGGCTTAGG,chr2,4469461,0.82
AAGGCTAGCTGGA,CTGAAGGCTTAGG,chr2,2820319,0.82
TGCATGCATAGGC,CTGAAGGCTTAGG,chr2,1265641,0.84
CTGAAGGCTTAGG,TGCATGCATAGGC,chr4,9136471,0.99
CTGAAGGCTTAGG,AGCTGTAAGCAGG,chr4,9181430,0.92
CTGAAGGCTTAGG,TGCATGCATAGGC,chr2,6289063,0.83
CTGAAGGCTTAGG,AGCTGTAAGCAGG,chr4,2477745,0.84
GTAAGCGCTAGGC,AGCTGTAAGCAGG,chr2,2558335,0.99
AAGGCTAGCTGGA,AAGGCTAGCTGGA,chr5,9614989,0.9
TGCATGCATAGGC,GTAAGCGCTAGGC,chr3,5856630,0.84
AGCTGTAAGCAGG,TGCATGCATAGGC,chr3,6080119,0.81
TGCATGCATAGGC,CTGAAGGCTTAGG,chr1,2761810,0.9
AGCTGTAAGCAGG,AAGGCTAGCTGGA,chr4,5495617,0.9
TGCATGCATAGGC,GTAAGCGCTAGGC,chr5,6389508,0.88
AAGGCTAGCTGGA,AGCTGTAAGCAGG,chr5,2383187,0.83
TGCATGCATAGGC,GTAAGCGCTAGGC,chr2,8586067,0.92
CTGAAGGCTTAGG,CTGAAGGCTTAGG,chr4,8906151,0.91
AGCTGTAAGCAGG,AAGGCTAGCTGGA,chr5,8324614,0.88
AAGGCTAGCTGGA,AGCTGTAAGCAGG,chr3,4727421,0.86
AGCTGTAAGCAGG,TGCATGCATAGGC,chr1,9054280,0.85
CTGAAGGCTTAGG,CTGAAGGCTTAGG,chr1,2180908,0.97
CTGAAGGCTTAGG,GTAAGCGCTAGGC,chr5,4925144,0.85
CTGAAGGCTTAGG,AAGGCTAGCTGGA,chr1,5359695,0.82
AAGGCTAGCTGGA,GTAAGCGCTAGGC,chr5,8262862,0.92
AAGGCTAGCTGGA,CTGAAGGCTTAGG,chr5,2216089,0.96
AGCTGTAAGCAGG,CTGAAGGCTTAGG,chr4,8481773,0.89
TGCATGCATAGGC,AAGGCTAGCTGGA,chr4,4159511,0.98
AAGGCTAGCTGGA,GTAAGCGCTAGGC,chr2,6427192,0.87
CTGAAGGCTTAGG,GTAAGCGCTAGGC,chr5,9422198,0.84
GTAAGCGCTAGGC,TGCATGCATAGGC,chr3,4630009,0.97
AGCTGTAAGCAGG,CTGAAGGCTTAGG,chr3,9530731,0.98
CTGAAGGCTTAGG,CTGAAGGCTTAGG,chr4,6439612,0.86
AAGGCTAGCTGGA,TGCATGCATAGGC,chr4,1162686,0.82
CTGAAGGCTTAGG,AGCTGTAAGCAGG,chr1,6699865,0.88
GTAAGCGCTAGGC,AAGGCTAGCTGGA,chr3,9624501,0.93
CTGAAGGCTTAGG,AAGGCTAGCTGGA,chr2,4115691,0.99
AAGGCTAGCTGGA,CTGAAGGCTTAGG,chr3,9448812,1.0
GTAAGCGCTAGGC,CTGAAGGCTTAGG,chr4,3940870,0.86
TGCATGCATAGGC,TGCATGCATAGGC,chr2,1725389,0.99
CTGAAGGCTTAGG,GTAAGCGCTAGGC,chr4,2700250,0.84
AAGGCTAGCTGGA,CTGAAGGCTTAGG,chr2,4783417,0.98
AGCTGTAAGCAGG,TGCATGCATAGGC,chr1,2780653,0.93
AGCTGTAAGCAGG,CTGAAGGCTTAGG,chr1,7645896,0.89
CTGAAGGCTTAGG,AAGGCTAGCTGGA,chr2,7818746,0.9
TGCATGCATAGGC,AGCTGTAAGCAGG,chr3,8512615,0.97
CTGAAGGCTTAGG,TGCATGCATAGGC,chr2,3556531,0.97
AGCTGTAAGCAGG,CTGAAGGCTTAGG,chr3,3757351,0.91
GTAAGCGCTAGGC,CTGAAGGCTTAGG,chr2,6104541,0.93
GTAAGCGCTAGGC,CTGAAGGCTTAGG,chr4,2825050,0.98
TGCATGCATAGGC,CTGAAGGCTTAGG,chr4,1642470,0.97
GTAAGCGCTAGGC,GTAAGCGCTAGGC,chr4,5162684,0.94
TGCATGCATAGGC,AGCTGTAAGCAGG,chr2,7903849,0.84
AGCTGTAAGCAGG,TGCATGCATAGGC,chr2,2126352,0.84
TGCATGCATAGGC,TGCATGCATAGGC,chr2,8536076,0.87
CTGAAGGCTTAGG,GTAAGCGCTAGGC,chr2,5038570,0.99
GTAAGCGCTAGGC,TGCATGCATAGGC,chr3,2462067,0.93
AAGGCTAGCTGGA,TGCATGCATAGGC,chr5,6003698,0.88
AAGGCTAGCTGGA,CTGAAGGCTTAGG,chr5,9421664,0.93
AGCTGTAAGCAGG,CTGAAGGCTTAGG,chr2,6111514,0.88
TGCATGCATAGGC,CTGAAGGCTTAGG,chr1,7302942,0.82
AAGGCTAGCTGGA,AGCTGTAAGCAGG,chr1,7390568,0.97
CTGAAGGCTTAGG,AGCTGTAAGCAGG,chr2,6106358,0.94
CTGAAGGCTTAGG,AAGGCTAGCTGGA,chr3,6951170,0.87
AGCTGTAAGCAGG,AAGGCTAGCTGGA,chr4,5448615,0.93
AGCTGTAAGCAGG,CTGAAGGCTTAGG,chr3,6686047,0.86
AGCTGTAAGCAGG,TGCATGCATAGGC,chr1,4781224,0.97
AAGGCTAGCTGGA,GTAAGCGCTAGGC,chr1,9110157,0.99
AGCTGTAAGCAGG,AAGGCTAGCTGGA,chr4,8278849,0.85
AGCTGTAAGCAGG,TGCATGCATAGGC,chr5,3315709,0.96
AGCTGTAAGCAGG,GTAAGCGCTAGGC,chr4,2484376,0.95
TGCATGCATAGGC,AGCTGTAAGCAGG,chr1,7913227,0.92
CTGAAGGCTTAGG,AAGGCTAGCTGGA,chr3,1689091,0.86
TGCATGCATAGGC,AAGGCTAGCTGGA,chr5,8453359,0.96
AAGGCTAGCTGGA,AGCTGTAAGCAGG,chr3,2691817,0.8
GTAAGCGCTAGGC,TGCATGCATAGGC,chr3,1158612,0.86
GTAAGCGCTAGGC,AGCTGTAAGCAGG,chr4,9207295,0.85
CTGAAGGCTTAGG,AAGGCTAGCTGGA,chr1,2592397,0.95
TGCATGCATAGGC,CTGAAGGCTTAGG,chr4,1490112,0.92
AGCTGTAAGCAGG,AAGGCTAGCTGGA,chr4,3366712,0.82
AGCTGTAAGCAGG,AGCTGTAAGCAGG,chr4,6829749,0.96
TGCATGCATAGGC,AGCTGTAAGCAGG,chr2,3221881,0.92
AAGGCTAGCTGGA,AAGGCTAGCTGGA,chr3,3150308,0.81
CTGAAGGCTTAGG,AAGGCTAGCTGGA,chr1,8336416,0.9
CTGAAGGCTTAGG,GTAAGCGCTAGGC,chr1,5714731,0.99
TGCATGCATAGGC,CTGAAGGCTTAGG,chr4,6404639,0.91
AAGGCTAGCTGGA,TGCATGCATAGGC,chr1,5840800,0.98
AAGGCTAGCTGGA,AAGGCTAGCTGGA,chr1,5443991,0.96
GTAAGCGCTAGGC,AGCTGTAAGCAGG,chr3,9429777,0.85
AAGGCTAGCTGGA,AGCTGTAAGCAGG,chr2,4951052,0.88
TGCATGCATAGGC,AGCTGTAAGCAGG,chr5,9127276,0.96
TGCATGCATAGGC,CTGAAGGCTTAGG,chr2,1474063,0.93
AGCTGTAAGCAGG,CTGAAGGCTTAGG,chr4,2352758,0.99
AAGGCTAGCTGGA,AAGGCTAGCTGGA,chr4,7586474,0.98
AGCTGTAAGCAGG,CTGAAGGCTTAGG,chr3,8539760,0.91
TGCATGCATAGGC,TGCATGCATAGGC,chr3,7176987,0.82
GTAAGCGCTAGGC,GTAAGCGCTAGGC,chr3,3296747,0.8
GTAAGCGCTAGGC,GTAAGCGCTAGGC,chr2,6469643,0.83
CTGAAGGCTTAGG,GTAAGCGCTAGGC,chr4,6573514,0.95
CTGAAGGCTTAGG,AAGGCTAGCTGGA,chr1,9911827,0.93
AGCTGTAAGCAGG,CTGAAGGCTTAGG,chr2,4247064,0.88
GTAAGCGCTAGGC,AGCTGTAAGCAGG,chr1,8689978,0.83
AGCTGTAAGCAGG,CTGAAGGCTTAGG,chr2,8253381,0.92
TGCATGCATAGGC,AGCTGTAAGCAGG,chr3,8625107,0.99
GTAAGCGCTAGGC,CTGAAGGCTTAGG,chr3,7120018,0.93
TGCATGCATAGGC,AGCTGTAAGCAGG,chr4,9236774,0.84
AGCTGTAAGCAGG,GTAAGCGCTAGGC,chr1,1665026,0.87
AAGGCTAGCTGGA,TGCATGCATAGGC,chr2,3600572,0.98
AAGGCTAGCTGGA,AAGGCTAGCTGGA,chr5,3484801,0.98
AGCTGTAAGCAGG,GTAAGCGCTAGGC,chr1,7844029,0.89
GTAAGCGCTAGGC,GTAAGCGCTAGGC,chr4,6226962,0.93
TGCATGCATAGGC,GTAAGCGCTAGGC,chr1,2374131,0.99
CTGAAGGCTTAGG,CTGAAGGCTTAGG,chr2,6736453,0.95
AGCTGTAAGCAGG,GTAAGCGCTAGGC,chr2,1511925,0.8
CTGAAGGCTTAGG,GTAAGCGCTAGGC,chr2,7557836,0.9
TGCATGCATAGGC,AGCTGTAAGCAGG,chr1,2366482,0.89
GTAAGCGCTAGGC,TGCATGCATAGGC,chr1,1861635,0.89
AGCTGTAAGCAGG,GTAAGCGCTAGGC,chr2,7865022,0.83
CTGAAGGCTTAGG,CTGAAGGCTTAGG,chr2,1855191,0.83
CTGAAGGCTTAGG,AGCTGTAAGCAGG,chr4,5182545,0.85
AAGGCTAGCTGGA,CTGAAGGCTTAGG,chr3,9081820,0.96
CTGAAGGCTTAGG,GTAAGCGCTAGGC,chr3,9261357,0.9
AAGGCTAGCTGGA,CTGAAGGCTTAGG,chr1,3052184,0.82
GTAAGCGCTAGGC,AAGGCTAGCTGGA,chr3,9674224,0.86
AGCTGTAAGCAGG,AGCTGTAAGCAGG,chr1,4967501,0.98
GTAAGCGCTAGGC,TGCATGCATAGGC,chr5,4547991,0.93
CTGAAGGCTTAGG,GTAAGCGCTAGGC,chr2,9497280,0.98
AGCTGTAAGCAGG,CTGAAGGCTTAGG,chr1,8020879,0.84
CTGAAGGCTTAGG,GTAAGCGCTAGGC,chr2,4072779,0.94
AAGGCTAGCTGGA,AAGGCTAGCTGGA,chr2,6341480,0.83
AAGGCTAGCTGGA,CTGAAGGCTTAGG,chr2,8850050,0.94
TGCATGCATAGGC,AGCTGTAAGCAGG,chr2,8049428,0.94
AGCTGTAAGCAGG,GTAAGCGCTAGGC,chr4,4756345,0.99
TGCATGCATAGGC,TGCATGCATAGGC,chr2,5055354,0.85
GTAAGCGCTAGGC,GTAAGCGCTAGGC,chr5,9494047,0.86
TGCATGCATAGGC,TGCATGCATAGGC,chr3,2461054,0.83
GTAAGCGCTAGGC,AAGGCTAGCTGGA,chr3,9827380,0.93
AAGGCTAGCTGGA,GTAAGCGCTAGGC,chr5,9786401,0.9
TGCATGCATAGGC,AAGGCTAGCTGGA,chr4,2025918,0.97
AAGGCTAGCTGGA,AAGGCTAGCTGGA,chr3,7066057,0.81
GTAAGCGCTAGGC,AGCTGTAAGCAGG,chr1,6028581,0.86
AAGGCTAGCTGGA,GTAAGCGCTAGGC,chr5,8448381,0.84
CTGAAGGCTTAGG,GTAAGCGCTAGGC,chr3,8289884,0.83
CTGAAGGCTTAGG,GTAAGCGCTAGGC,chr2,8087375,0.82
GTAAGCGCTAGGC,AGCTGTAAGCAGG,chr2,5946257,0.88
TGCATGCATAGGC,CTGAAGGCTTAGG,chr4,7717775,0.91
CTGAAGGCTTAGG,AGCTGTAAGCAGG,chr2,9191866,0.95
CTGAAGGCTTAGG,AGCTGTAAGCAGG,chr2,8253724,0.84
AGCTGTAAGCAGG,AAGGCTAGCTGGA,chr1,4973744,0.86
AGCTGTAAGCAGG,AGCTGTAAGCAGG,chr3,9797710,0.86
AGCTGTAAGCAGG,AGCTGTAAGCAGG,chr1,9255582,0.95
AAGGCTAGCTGGA,TGCATGCATAGGC,chr4,7249853,0.81
AAGGCTAGCTGGA,TGCATGCATAGGC,chr5,2036727,0.91
TGCATGCATAGGC,CTGAAGGCTTAGG,chr3,3962966,0.96
AGCTGTAAGCAGG,TGCATGCATAGGC,chr3,8281366,0.82
CTGAAGGCTTAGG,TGCATGCATAGGC,chr1,7409626,0.83
TGCATGCATAGGC,AAGGCTAGCTGGA,chr4,5938283,0.83
CTGAAGGCTTAGG,AGCTGTAAGCAGG,chr5,3529479,0.98
TGCATGCATAGGC,GTAAGCGCTAGGC,chr1,3572757,0.98
TGCATGCATAGGC,AAGGCTAGCTGGA,chr2,4748517,0.91
AGCTGTAAGCAGG,AAGGCTAGCTGGA,chr2,5294835,0.91
AGCTGTAAGCAGG,AAGGCTAGCTGGA,chr1,5509498,0.88
CTGAAGGCTTAGG,CTGAAGGCTTAGG,chr5,3903642,0.82
GTAAGCGCTAGGC,AAGGCTAGCTGGA,chr5,4770601,0.99
AAGGCTAGCTGGA,AAGGCTAGCTGGA,chr2,4682705,0.82
CTGAAGGCTTAGG,CTGAAGGCTTAGG,chr4,2474446,0.9
TGCATGCATAGGC,CTGAAGGCTTAGG,chr4,3800382,0.81
GTAAGCGCTAGGC,AGCTGTAAGCAGG,chr2,9940118,0.84
AAGGCTAGCTGGA,CTGAAGGCTTAGG,chr3,1251911,0.94
GTAAGCGCTAGGC,AAGGCTAGCTGGA,chr1,9284172,0.92
AGCTGTAAGCAGG,CTGAAGGCTTAGG,chr3,5397647,0.98
CTGAAGGCTTAGG,AAGGCTAGCTGGA,chr4,2992524,0.81
AAGGCTAGCTGGA,CTGAAGGCTTAGG,chr1,9105927,0.91
GTAAGCGCTAGGC,CTGAAGGCTTAGG,chr1,9034580,0.89
CTGAAGGCTTAGG,CTGAAGGCTTAGG,chr3,9152964,0.92
TGCATGCATAGGC,TGCATGCATAGGC,chr2,2280475,0.84
TGCATGCATAGGC,AAGGCTAGCTGGA,chr3,1932996,0.83
AAGGCTAGCTGGA,GTAAGCGCTAGGC,chr5,8082074,0.92
CTGAAGGCTTAGG,AGCTGTAAGCAGG,chr4,1904509,0.88
TGCATGCATAGGC,GTAAGCGCTAGGC,chr5,6300037,0.92
CTGAAGGCTTAGG,GTAAGCGCTAGGC,chr5,1458714,0.86
AAGGCTAGCTGGA,GTAAGCGCTAGGC,chr5,1435179,0.81
GTAAGCGCTAGGC,TGCATGCATAGGC,chr5,2558306,0.9
GTAAGCGCTAGGC,AAGGCTAGCTGGA,chr2,3531443,0.94
AAGGCTAGCTGGA,AAGGCTAGCTGGA,chr3,1159628,0.84
TGCATGCATAGGC,CTGAAGGCTTAGG,chr2,8436464,0.81
TGCATGCATAGGC,AGCTGTAAGCAGG,chr1,9469714,1.0
TGCATGCATAGGC,CTGAAGGCTTAGG,chr5,5483754,0.86
CTGAAGGCTTAGG,AAGGCTAGCTGGA,chr2,7122268,0.93
GTAAGCGCTAGGC,GTAAGCGCTAGGC,chr5,7384646,0.89
TGCATGCATAGGC,AGCTGTAAGCAGG,chr4,4921912,0.92
CTGAAGGCTTAGG,AAGGCTAGCTGGA,chr2,3111801,0.83
AGCTGTAAGCAGG,CTGAAGGCTTAGG,chr3,8450124,0.82
AAGGCTAGCTGGA,CTGAAGGCTTAGG,chr2,6107926,0.81
GTAAGCGCTAGGC,TGCATGCATAGGC,chr4,4126451,0.82
GTAAGCGCTAGGC,GTAAGCGCTAGGC,chr2,1239780,0.99
TGCATGCATAGGC,TGCATGCATAGGC,chr3,5009041,0.8
CTGAAGGCTTAGG,GTAAGCGCTAGGC,chr4,3773945,0.97
AAGGCTAGCTGGA,AGCTGTAAGCAGG,chr4,6301074,0.96
CTGAAGGCTTAGG,AAGGCTAGCTGGA,chr5,8113349,0.92
GTAAGCGCTAGGC,CTGAAGGCTTAGG,chr5,6648475,0.87
CTGAAGGCTTAGG,AAGGCTAGCTGGA,chr1,2609774,0.96
GTAAGCGCTAGGC,CTGAAGGCTTAGG,chr5,9791281,0.96
CTGAAGGCTTAGG,TGCATGCATAGGC,chr1,9857888,0.85
GTAAGCGCTAGGC,TGCATGCATAGGC,chr2,5983200,0.85
GTAAGCGCTAGGC,TGCATGCATAGGC,chr5,5910219,1.0
AGCTGTAAGCAGG,TGCATGCATAGGC,chr3,5290512,0.88
AAGGCTAGCTGGA,GTAAGCGCTAGGC,chr2,7718196,0.94
CTGAAGGCTTAGG,GTAAGCGCTAGGC,chr2,9241699,0.81
CTGAAGGCTTAGG,TGCATGCATAGGC,chr1,3365195,0.9
TGCATGCATAGGC,TGCATGCATAGGC,chr4,7236582,0.99
AGCTGTAAGCAGG,TGCATGCATAGGC,chr4,9482113,0.81
CTGAAGGCTTAGG,AGCTGTAAGCAGG,chr1,2732673,0.92
GTAAGCGCTAGGC,AAGGCTAGCTGGA,chr4,8970240,0.84
CTGAAGGCTTAGG,TGCATGCATAGGC,chr4,2965436,0.98
AGCTGTAAGCAGG,AAGGCTAGCTGGA,chr2,9004109,0.81
AGCTGTAAGCAGG,CTGAAGGCTTAGG,chr5,4957842,0.99
AGCTGTAAGCAGG,GTAAGCGCTAGGC,chr1,2612778,0.91
TGCATGCATAGGC,AAGGCTAGCTGGA,chr3,4815374,0.81
AAGGCTAGCTGGA,TGCATGCATAGGC,chr1,9261007,0.87
GTAAGCGCTAGGC,AGCTGTAAGCAGG,chr3,2977986,0.99
GTAAGCGCTAGGC,CTGAAGGCTTAGG,chr5,2842712,0.81
AAGGCTAGCTGGA,AAGGCTAGCTGGA,chr1,1911507,0.89
AAGGCTAGCTGGA,AGCTGTAAGCAGG,chr5,2769125,0.84
CTGAAGGCTTAGG,AAGGCTAGCTGGA,chr1,3089964,0.84
CTGAAGGCTTAGG,TGCATGCATAGGC,chr4,3901549,0.94
AGCTGTAAGCAGG,AGCTGTAAGCAGG,chr5,6503552,0.97
CTGAAGGCTTAGG,AGCTGTAAGCAGG,chr3,6694065,0.9
AGCTGTAAGCAGG,AGCTGTAAGCAGG,chr5,4217834,0.95
AAGGCTAGCTGGA,AGCTGTAAGCAGG,chr1,5312148,0.88
AAGGCTAGCTGGA,AGCTGTAAGCAGG,chr4,7844328,0.97
GTAAGCGCTAGGC,CTGAAGGCTTAGG,chr2,1807797,0.97
GTAAGCGCTAGGC,TGCATGCATAGGC,chr3,8055312,0.99
CTGAAGGCTTAGG,CTGAAGGCTTAGG,chr5,1952201,0.88
AAGGCTAGCTGGA,CTGAAGGCTTAGG,chr4,4738674,0.82
GTAAGCGCTAGGC,GTAAGCGCTAGGC,chr1,4043541,0.91
GTAAGCGCTAGGC,GTAAGCGCTAGGC,chr1,2920120,0.92
AAGGCTAGCTGGA,GTAAGCGCTAGGC,chr2,5509604,0.85
GTAAGCGCTAGGC,GTAAGCGCTAGGC,chr2,6873486,0.81
CTGAAGGCTTAGG,GTAAGCGCTAGGC,chr1,9394583,0.95
GTAAGCGCTAGGC,TGCATGCATAGGC,chr1,9303107,0.91
TGCATGCATAGGC,TGCATGCATAGGC,chr4,6020542,0.91
CTGAAGGCTTAGG,AAGGCTAGCTGGA,chr5,9083714,0.91
CTGAAGGCTTAGG,TGCATGCATAGGC,chr5,8308275,0.98
TGCATGCATAGGC,GTAAGCGCTAGGC,chr5,2371014,0.97
GTAAGCGCTAGGC,AGCTGTAAGCAGG,chr3,2407997,0.99
CTGAAGGCTTAGG,AAGGCTAGCTGGA,chr4,8892470,0.91
TGCATGCATAGGC,AGCTGTAAGCAGG,chr4,2485822,1.0
AGCTGTAAGCAGG,AAGGCTAGCTGGA,chr2,7318442,1.0
TGCATGCATAGGC,AAGGCTAGCTGGA,chr5,5373373,0.99
GTAAGCGCTAGGC,CTGAAGGCTTAGG,chr1,2778607,0.81
AGCTGTAAGCAGG,TGCATGCATAGGC,chr2,6253144,0.95
CTGAAGGCTTAGG,AGCTGTAAGCAGG,chr2,8528125,0.96
AAGGCTAGCTGGA,AAGGCTAGCTGGA,chr4,6215241,0.82
TGCATGCATAGGC,GTAAGCGCTAGGC,chr1,3731135,0.95
AAGGCTAGCTGGA,AGCTGTAAGCAGG,chr2,4345089,0.95
